{
    "Loss": 0.8948382139205933,
    "Accuracy": 0.9102563858032227
}